x,process_data,measurement_error,experimental_data
-10.0,97.0,15.04840075006587,112.04840075006587
-9.97997997997998,96.61001041081121,15.505871570307097,112.1158819811183
-9.95995995995996,96.22082242402564,25.66961400127808,121.89043642530372
-9.93993993993994,95.83243603964326,10.2010735538543,106.03350959349756
-9.91991991991992,95.44485125766407,12.161330871407538,107.60618212907161
-9.8998998998999,95.0580680780881,-14.525624494028722,80.53244358405938
-9.87987987987988,94.67208650091533,7.677250251377581,102.34933675229291
-9.85985985985986,94.28690652614577,5.55177672196912,99.83868324811489
-9.83983983983984,93.9025281537794,6.977278453035745,100.87980660681515
-9.81981981981982,93.51895138381624,6.0449235783007245,99.56387496211697
-9.7997997997998,93.1361762162563,23.772274761613275,116.90845097786958
-9.77977977977978,92.75420265109955,9.438245071884124,102.19244772298367
-9.75975975975976,92.373030688346,7.519734173552699,99.89276486189871
-9.73973973973974,91.99266032799567,23.78017488089475,115.77283520889041
-9.71971971971972,91.61309157004854,18.841821303892214,110.45491287394076
-9.6996996996997,91.2343244145046,29.224805185519486,120.45912960002408
-9.67967967967968,90.85635886136387,1.1228960235953007,91.97925488495918
-9.65965965965966,90.47919491062635,9.86108141871423,100.34027632934058
-9.63963963963964,90.10283256229204,13.752481642460035,103.85531420475208
-9.61961961961962,89.72727181636091,22.837057184725655,112.56432900108656
-9.5995995995996,89.352512672833,17.88512934660827,107.23764201944127
-9.57957957957958,88.97855513170829,-7.554757904218047,81.42379722749024
-9.55955955955956,88.6053991929868,-12.328743404298002,76.2766557886888
-9.53953953953954,88.23304485666849,10.320796536439598,98.55384139310809
-9.51951951951952,87.86149212275339,-5.399399189438665,82.46209293331472
-9.4994994994995,87.4907409912415,-15.206977977965067,72.28376301327643
-9.47947947947948,87.12079146213281,24.127788460141034,111.24857992227385
-9.45945945945946,86.75164353542732,9.82222058276703,96.57386411819435
-9.43943943943944,86.38329721112504,10.425868587454982,96.80916579858003
-9.41941941941942,86.01575248922596,23.556210378561243,109.5719628677872
-9.3993993993994,85.6490093697301,16.045103984003735,101.69411335373383
-9.37937937937938,85.28306785263743,23.29259607750552,108.57566393014295
-9.35935935935936,84.91792793794797,21.661123750811758,106.57905168875972
-9.33933933933934,84.5535896256617,-6.533507959865691,78.02008166579601
-9.31931931931932,84.19005291577864,-7.867559830483263,76.32249308529538
-9.2992992992993,83.8273178082988,20.990308585919827,104.81762639421862
-9.27927927927928,83.46538430322215,27.652044717903014,111.11742902112516
-9.25925925925926,83.1042524005487,2.8522142142925375,85.95646661484125
-9.23923923923924,82.74392210027847,4.2569621271093645,87.00088422738783
-9.21921921921922,82.38439340241143,2.933133197686624,85.31752660009806
-9.1991991991992,82.0256663069476,15.100704480617823,97.12637078756542
-9.17917917917918,81.66774081388697,-0.2550825408880808,81.41265827299888
-9.15915915915916,81.31061692322953,0.9653405885785062,82.27595751180803
-9.13913913913914,80.95429463497533,20.623546588986045,101.57784122396137
-9.11911911911912,80.59877394912431,6.639982738456661,87.23875668758097
-9.0990990990991,80.24405486567649,-6.300892530100402,73.94316233557609
-9.07907907907908,79.89013738463188,13.55508934773366,93.44522673236554
-9.05905905905906,79.53702150599048,3.62877178404314,83.16579329003362
-9.03903903903904,79.18470722975228,15.123379292499362,94.30808652225164
-9.01901901901902,78.83319455591729,11.297843909514777,90.13103846543207
-8.998998998999,78.4824834844855,10.188664251097322,88.67114773558282
-8.97897897897898,78.13257401545691,13.39228164466984,91.52485566012675
-8.95895895895896,77.78346614883152,21.950478371633483,99.733944520465
-8.93893893893894,77.43515988460933,19.98635006890178,97.4215099535111
-8.91891891891892,77.08765522279037,20.50164933255642,97.58930455534679
-8.8988988988989,76.7409521633746,13.300176765009425,90.04112892838403
-8.87887887887888,76.39505070636203,12.256966910439232,88.65201761680126
-8.85885885885886,76.04995085175266,6.105592908361874,82.15554376011453
-8.83883883883884,75.70565259954651,17.8191170672397,93.52476966678621
-8.81881881881882,75.36215594974355,17.36946889943089,92.73162484917444
-8.7987987987988,75.0194609023438,15.28632833944747,90.30578924179126
-8.77877877877878,74.67756745734724,29.544624370621953,104.2221918279692
-8.75875875875876,74.33647561475391,4.187664444627359,78.52414005938127
-8.73873873873874,73.99618537456377,1.9009971721414178,75.89718254670518
-8.71871871871872,73.65669673677682,18.360414490548052,92.01711122732488
-8.6986986986987,73.3180097013931,9.262701256451837,82.58071095784493
-8.67867867867868,72.98012426841257,26.471042560760317,99.45116682917288
-8.65865865865866,72.64304043783524,6.426678021981553,79.0697184598168
-8.63863863863864,72.30675820966113,7.350462844565836,79.65722105422697
-8.618618618618619,71.9712775838902,10.590980479514801,82.562258063405
-8.598598598598599,71.63659856052249,4.718253578819263,76.35485213934174
-8.578578578578579,71.30272113955799,11.648983653696538,82.95170479325452
-8.558558558558559,70.96964532099668,14.464363067789213,85.43400838878588
-8.538538538538539,70.63737110483858,-0.1981831305730175,70.43918797426556
-8.518518518518519,70.3058984910837,16.331247353286287,86.63714584436998
-8.498498498498499,69.975227479732,14.844614253679076,84.81984173341107
-8.478478478478479,69.6453580707835,-7.5126832829340415,62.13267478784946
-8.458458458458459,69.31629026423822,11.457736564537045,80.77402682877526
-8.438438438438439,68.98802406009614,13.934620195785602,82.92264425588174
-8.418418418418419,68.66055945835727,-4.263974161657218,64.39658529670005
-8.398398398398399,68.33389645902159,6.191224463825949,74.52512092284753
-8.378378378378379,68.00803506208912,-3.9061049944547115,64.10193006763441
-8.358358358358359,67.68297526755987,-6.767117827789544,60.91585743977032
-8.338338338338339,67.3587170754338,0.4704820927112632,67.82919916814507
-8.318318318318319,67.03526048571095,18.063463479309004,85.09872396501996
-8.298298298298299,66.71260549839128,-0.2284132289107781,66.4841922694805
-8.278278278278279,66.39075211347483,9.422768226748039,75.81352034022287
-8.258258258258259,66.06970033096161,27.165625127571293,93.2353254585329
-8.238238238238239,65.74945015085156,21.099185698199406,86.84863584905096
-8.218218218218219,65.43000157314472,22.061349668037508,87.49135124118223
-8.198198198198199,65.11135459784109,-15.442462762021016,49.66889183582007
-8.178178178178179,64.79350922494066,2.2827286791598205,67.07623790410048
-8.158158158158159,64.47646545444344,3.306839142657253,67.7833045971007
-8.138138138138139,64.16022328634942,12.872275975022966,77.03249926137238
-8.118118118118119,63.84478272065861,17.076114144387958,80.92089686504656
-8.098098098098099,63.53014375737099,-12.860657783244882,50.66948597412611
-8.078078078078079,63.21630639648659,23.133288938192266,86.34959533467885
-8.058058058058059,62.90327063800538,13.320420218847147,76.22369085685253
-8.038038038038039,62.59103648192738,0.5497915076042155,63.1408279895316
-8.018018018018019,62.2796039282526,-6.104629626374045,56.17497430187855
-7.997997997997998,61.96897297698098,15.219501641128023,77.188474618109
-7.977977977977978,61.659143628112595,14.631736282388953,76.29087991050154
-7.957957957957958,61.35011588164741,17.58704139407298,78.9371572757204
-7.937937937937938,61.041889737585436,12.802276610959506,73.84416634854495
-7.917917917917918,60.73446519592665,-7.06392705229764,53.67053814362902
-7.897897897897898,60.427842256671084,0.9304936281623171,61.3583358848334
-7.877877877877878,60.122020919818716,18.548698476570696,78.67071939638942
-7.857857857857858,59.817001185369556,23.603288186119528,83.42028937148908
-7.837837837837838,59.512783053323595,17.35681524202154,76.86959829534513
-7.817817817817818,59.20936652368084,0.4097338467484626,59.61910037042931
-7.797797797797798,58.90675159644128,21.582098107381256,80.48884970382254
-7.777777777777778,58.60493827160494,5.674237268798022,64.27917554040296
-7.757757757757758,58.30392654917179,7.278180349979365,65.58210689915116
-7.737737737737738,58.00371642914185,-10.929484270793427,47.07423215834842
-7.717717717717718,57.704307911515116,-2.5190483344893604,55.185259577025754
-7.697697697697698,57.405700996291586,8.459129310813276,65.86483030710487
-7.677677677677678,57.107895683471256,-1.7375886244791232,55.37030705899213
-7.657657657657658,56.81089197305414,3.6907938069644928,60.50168578001863
-7.637637637637638,56.51468986504021,10.752489116033859,67.26717898107407
-7.617617617617618,56.2192893594295,-7.85112913316641,48.36816022626309
-7.597597597597598,55.92469045622199,18.182475299048498,74.10716575527049
-7.5775775775775776,55.63089315541768,5.951588510816949,61.58248166623463
-7.5575575575575575,55.337897457016574,20.231577681389616,75.56947513840619
-7.5375375375375375,55.04570336101868,16.138601541886757,71.18430490290544
-7.5175175175175175,54.75431086742398,6.617576181819633,61.37188704924361
-7.4974974974974975,54.46371997623249,17.45466386952586,71.91838384575834
-7.4774774774774775,54.1739306874442,15.634725333269657,69.80865602071385
-7.4574574574574575,53.88494300105912,4.753622648994757,58.63856565005388
-7.4374374374374375,53.596756917077236,12.718896417899742,66.31565333497699
-7.4174174174174174,53.30937243549857,15.481095754619318,68.79046819011788
-7.397397397397397,53.02278955632309,16.25221605659087,69.27500561291396
-7.377377377377377,52.73700827955083,8.975964081155604,61.71297236070643
-7.357357357357357,52.45202860518176,15.535519094898529,67.98754770008028
-7.337337337337337,52.167850533215905,2.0173930433037457,54.18524357651965
-7.317317317317317,51.88447406365324,17.931391930308628,69.81586599396186
-7.297297297297297,51.6018991964938,23.807556211782945,75.40945540827674
-7.277277277277277,51.32012593173754,16.643239684926833,67.96336561666438
-7.257257257257257,51.039154269384504,9.210695042197905,60.24984931158241
-7.237237237237237,50.75898420943466,3.703037651027538,54.462021860462194
-7.217217217217217,50.479615751888026,20.240180433116606,70.71979618500464
-7.197197197197197,50.201048896744595,7.301373115461558,57.502422012206154
-7.177177177177177,49.92328364400437,25.574128777454774,75.49741242145915
-7.157157157157157,49.64631999366734,5.035087727941314,54.68140772160866
-7.137137137137137,49.370157945733524,0.6639175800092509,50.03407552574278
-7.117117117117117,49.09479750020291,-7.289196021374735,41.80560147882817
-7.097097097097097,48.8202386570755,28.261593246693238,77.08183190376874
-7.077077077077077,48.54648141635129,22.812149212818902,71.3586306291702
-7.057057057057057,48.27352577803029,1.2974752525196322,49.57100103054992
-7.037037037037037,48.00137174211248,10.258896980367835,58.26026872248032
-7.017017017017017,47.730019308597896,-1.9082232009615083,45.82179610763639
-6.996996996996997,47.459468477486496,8.625545492483225,56.08501396996972
-6.976976976976977,47.18971924877831,16.856260920961905,64.04598016974022
-6.956956956956957,46.920771622473325,12.785845972568104,59.70661759504143
-6.936936936936937,46.652625598571554,14.097233817960213,60.74985941653176
-6.916916916916917,46.38528117707297,3.597173607465834,49.9824547845388
-6.896896896896897,46.118738357977605,8.558225601635558,54.67696395961316
-6.876876876876877,45.852997141285435,11.251134251685631,57.10413139297107
-6.856856856856857,45.58805752699647,10.759072022350924,56.3471295493474
-6.836836836836837,45.32391951511071,11.801125072533877,57.12504458764459
-6.816816816816817,45.060583105628154,4.764289370664939,49.824872476293095
-6.796796796796797,44.7980482985488,29.709526238905475,74.50757453745427
-6.776776776776776,44.536315093872645,-1.9488011235368408,42.587513970335806
-6.756756756756756,44.2753834915997,4.324848664251924,48.60023215585162
-6.736736736736736,44.015253491729965,-12.780880404332212,31.234373087397753
-6.716716716716716,43.755925094263425,19.627873616739976,63.3837987110034
-6.696696696696696,43.49739829920009,5.64790274965777,49.14530104885786
-6.676676676676676,43.23967310653997,10.368526666145026,53.608199772685
-6.656656656656656,42.98274951628304,-3.0389409417821955,39.94380857450085
-6.636636636636636,42.72662752842932,21.09775503884409,63.82438256727341
-6.616616616616616,42.47130714297881,26.07967378578127,68.55098092876008
-6.596596596596596,42.21678835993149,-3.398961752705654,38.81782660722584
-6.576576576576576,41.96307117928739,-16.842857263366056,25.120213915921333
-6.556556556556556,41.71015560104649,-4.423153707821253,37.28700189322524
-6.536536536536536,41.458041625208786,11.186952835903567,52.644994461112354
-6.516516516516516,41.20672925177429,29.368984738659307,70.5757139904336
-6.496496496496496,40.956218480743004,-0.9633905813668058,39.992827899376195
-6.476476476476476,40.70650931211491,21.23606512907243,61.94257444118734
-6.456456456456456,40.45760174589003,-2.4360127279156956,38.021589017974335
-6.436436436436436,40.209495782068345,16.97029326953212,57.179789051600466
-6.416416416416416,39.96219142064987,16.103951373566172,56.06614279421605
-6.396396396396396,39.7156886616346,-4.977491039045155,34.738197622589446
-6.376376376376376,39.46998750502254,16.474278809063396,55.94426631408594
-6.356356356356356,39.225087950813666,13.046864565622688,52.27195251643636
-6.336336336336336,38.98098999900802,22.473465766718334,61.45445576572635
-6.316316316316316,38.73769364960555,26.27010047279921,65.00779412240476
-6.296296296296296,38.495198902606305,21.02946805819711,59.524666960803415
-6.276276276276276,38.253505758010256,2.489353722038511,40.742859480048764
-6.256256256256256,38.012614215817415,6.751603596449534,44.76421781226695
-6.236236236236236,37.772524276027774,30.625668450473164,68.39819272650094
-6.216216216216216,37.53323593864134,10.847159707909876,48.380395646551214
-6.196196196196196,37.29474920365811,2.685908674991441,39.980657878649545
-6.176176176176176,37.05706407107808,1.6243968059459988,38.68146087702408
-6.156156156156156,36.820180540901255,-0.7951913169159326,36.02498922398532
-6.136136136136136,36.58409861312764,-4.497821500782791,32.086277112344845
-6.116116116116116,36.34881828775722,8.681843017678926,45.03066130543614
-6.096096096096096,36.114339564790015,9.4469912866475,45.56133085143752
-6.076076076076076,35.880662444226004,18.528256483125,54.408918927351
-6.056056056056056,35.6477869260652,4.865714265879041,40.51350119194424
-6.036036036036036,35.4157130103076,24.306105296906633,59.721818307214235
-6.016016016016016,35.18444069695321,13.525849653446869,48.71029035040008
-5.995995995995996,34.953969986002015,14.992985704209012,49.94695569021103
-5.975975975975976,34.72430087745403,7.65323497586378,42.37753585331781
-5.955955955955956,34.49543337130924,5.63856596396425,40.13399933527349
-5.935935935935936,34.26736746756767,21.881714522279225,56.14908198984689
-5.915915915915916,34.04010316622929,19.285825024276868,53.325928190506154
-5.895895895895896,33.81364046729412,10.760343094419225,44.57398356171335
-5.875875875875876,33.58797937076215,11.440477864372411,45.02845723513456
-5.8558558558558556,33.36311987663339,29.064677036000425,62.427796912633816
-5.8358358358358355,33.139061984907826,18.57076392835122,51.709825913259046
-5.8158158158158155,32.915805695585476,14.450888846534745,47.36669454212022
-5.7957957957957955,32.69335100866632,20.91774821997921,53.61109922864553
-5.7757757757757755,32.47169792415038,24.230698554306525,56.702396478456905
-5.7557557557557555,32.25084644203763,14.344103306358818,46.594949748396445
-5.7357357357357355,32.03079656232809,23.45530322507023,55.486099787398324
-5.7157157157157155,31.811548285021757,28.084276022463534,59.89582430748529
-5.6956956956956954,31.593101610118627,9.84412755891037,41.437229169028996
-5.675675675675675,31.375456537618696,27.30267025131598,58.67812678893468
-5.655655655655655,31.158613067521973,-5.165816604979108,25.992796462542863
-5.635635635635635,30.942571199828453,14.342130388620927,45.28470158844938
-5.615615615615615,30.727330934538138,21.29536361459054,52.02269454912867
-5.595595595595595,30.512892271651026,9.132368642457209,39.645260914108235
-5.575575575575575,30.29925521116712,6.559287849345466,36.85854306051259
-5.555555555555555,30.086419753086417,4.224028807660838,34.310448560747254
-5.535535535535535,29.874385897408917,10.475926372014605,40.350312269423526
-5.515515515515515,29.66315364413462,10.345377372421426,40.00853101655605
-5.495495495495495,29.45272299326353,1.4676487094803896,30.92037170274392
-5.475475475475475,29.243093944795643,9.146097147716516,38.389191092512156
-5.455455455455455,29.03426649873096,5.5012318700780884,34.53549836880905
-5.435435435435435,28.82624065506948,-4.477979949390448,24.34826070567903
-5.415415415415415,28.619016413811206,4.595549088814113,33.21456550262532
-5.395395395395395,28.412593774956136,7.292542476660793,35.70513625161693
-5.375375375375375,28.206972738504266,24.262199562669867,52.46917230117413
-5.355355355355355,28.002153304455604,-18.98237845159106,9.019774852864543
-5.335335335335335,27.798135472810145,8.914536122296798,36.71267159510694
-5.315315315315315,27.59491924356789,-0.21189694104151613,27.383022302526374
-5.295295295295295,27.39250461672884,1.4755697903738287,28.868074407102668
-5.275275275275275,27.190891592292992,3.5075806611390377,30.69847225343203
-5.255255255255255,26.99008017026035,18.07343007028966,45.06351024055001
-5.235235235235235,26.79007035063091,21.3192093820579,48.109279732688805
-5.215215215215215,26.590862133404674,7.014369203132856,33.60523133653753
-5.195195195195195,26.39245551858164,11.310557916820931,37.703013435402575
-5.175175175175175,26.194850506161817,21.61103679645602,47.80588730261783
-5.155155155155155,25.998047096145193,11.080814752159576,37.07886184830477
-5.135135135135135,25.802045288531772,18.614594313302824,44.416639601834596
-5.115115115115115,25.60684508332156,5.309955512054339,30.916800595375896
-5.095095095095095,25.412446480514546,8.640229753760721,34.05267623427527
-5.075075075075075,25.21884948011074,14.583682106164485,39.80253158627522
-5.055055055055055,25.026054082110136,10.248884934825984,35.274939016936116
-5.035035035035035,24.834060286512738,27.67342147157917,52.50748175809191
-5.015015015015015,24.642868093318544,13.263832501857152,37.90670059517569
-4.994994994994995,24.45247750252755,6.1725167801391585,30.62499428266671
-4.974974974974975,24.262888514139764,4.861276847752282,29.124165361892047
-4.954954954954955,24.07410112815518,9.478814168443515,33.5529152965987
-4.934934934934935,23.886115344573803,24.276861432663495,48.1629767772373
-4.914914914914915,23.698931163395628,16.490616706643248,40.18954787003888
-4.894894894894895,23.512548584620657,5.39535536069702,28.907903945317678
-4.874874874874875,23.32696760824889,14.597658003204801,37.92462561145369
-4.854854854854855,23.142188234280326,15.94658280719406,39.08877104147439
-4.834834834834835,22.958210462714966,19.81670851767551,42.77491898039048
-4.814814814814815,22.77503429355281,23.691549415827787,46.4665837093806
-4.794794794794795,22.592659726793862,9.788223811302114,32.38088353809597
-4.774774774774775,22.411086762438114,3.586041853150334,25.997128615588448
-4.754754754754755,22.23031540048557,26.903222136517574,49.13353753700314
-4.734734734734735,22.050345640936232,6.086837076658499,28.137182717594733
-4.714714714714715,21.871177483790095,9.198507839241241,31.069685323031337
-4.694694694694695,21.692810929047166,16.535851103541596,38.22866203258876
-4.674674674674675,21.515245976707437,13.891732530699024,35.406978507406464
-4.654654654654655,21.338482626770915,-0.31892058871471285,21.0195620380562
-4.634634634634635,21.162520879237597,9.442981003266775,30.60550188250437
-4.614614614614615,20.98736073410748,19.234209143660895,40.221569877768374
-4.594594594594595,20.81300219138057,22.608455385440372,43.42145757682094
-4.574574574574575,20.639445251056863,18.003644348466704,38.64308959952356
-4.554554554554555,20.46668991313636,7.850338357969537,28.317028271105897
-4.534534534534535,20.29473617761906,3.486796186982862,23.781532364601922
-4.514514514514515,20.123584044504966,3.749995345225164,23.873579389730132
-4.494494494494495,19.953233513794075,5.0869765154803,25.040210029274377
-4.474474474474475,19.783684585486387,17.872999391334908,37.6566839768213
-4.454454454454455,19.614937259581904,-0.5115431635537462,19.103394096028158
-4.434434434434435,19.446991536080628,2.552948542084472,21.9999400781651
-4.414414414414415,19.27984741498255,-5.394398617035613,13.885448797946939
-4.394394394394395,19.11350489628768,28.202426024979204,47.31593092126688
-4.374374374374375,18.947963979996015,17.039981120573543,35.98794510056956
-4.354354354354355,18.78322466610755,9.101898696510505,27.885123362618053
-4.334334334334335,18.61928695462229,16.14768348737179,34.766970441994076
-4.314314314314315,18.456150845540236,6.8464254067013055,25.302576252241543
-4.2942942942942945,18.293816338861387,9.166351331550889,27.460167670412275
-4.2742742742742745,18.132283434585737,2.0770001824226405,20.209283617008378
-4.2542542542542545,17.971552132713295,13.737129857545622,31.708681990258917
-4.2342342342342345,17.811622433244057,19.561811204185744,37.3734336374298
-4.2142142142142145,17.65249433617802,13.16545057630745,30.81794491248547
-4.1941941941941945,17.49416784151519,-1.7893941107879474,15.704773730727242
-4.1741741741741745,17.336642949255562,-12.124915767551755,5.211727181703807
-4.1541541541541545,17.17991965939914,8.962166379421827,26.142086038820967
-4.134134134134134,17.02399797194592,11.666940068529902,28.69093804047582
-4.114114114114114,16.868877886895906,6.216078365981941,23.084956252877845
-4.094094094094094,16.714559404249094,9.371983075553244,26.08654247980234
-4.074074074074074,16.56104252400549,6.569967848695777,23.13101037270127
-4.054054054054054,16.408327246165086,3.695834020755183,20.10416126692027
-4.034034034034034,16.256413570727887,24.123719538429103,40.380133109156986
-4.014014014014014,16.10530149769389,3.4681465290953417,19.573448026789233
-3.9939939939939944,15.954991027063102,8.561048246064757,24.51603927312786
-3.9739739739739743,15.805482158835513,6.653801225809479,22.45928338464499
-3.9539539539539543,15.656774893011132,-2.824235160280054,12.832539732731078
-3.9339339339339343,15.508869229589955,15.681198598110159,31.190067827700112
-3.9139139139139143,15.361765168571978,12.881527629826197,28.243292798398173
-3.8938938938938943,15.215462709957208,21.097900443650218,36.313363153607426
-3.8738738738738743,15.069961853745639,8.901423408247197,23.971385261992836
-3.8538538538538543,14.925262599937277,4.487754320647166,19.413016920584443
-3.8338338338338342,14.781364948532119,26.905398080712438,41.68676302924456
-3.8138138138138142,14.638268899530164,1.0622768076362377,15.700545707166402
-3.7937937937937942,14.495974452931414,12.642255826887945,27.13823027981936
-3.773773773773774,14.354481608735867,31.675900666758245,46.03038227549411
-3.753753753753754,14.213790366943524,18.33775454131391,32.55154490825743
-3.733733733733734,14.073900727554385,1.0134615448656703,15.087362272420055
-3.713713713713714,13.93481269056845,35.05086214837568,48.98567483894413
-3.693693693693694,13.796526255985718,3.7025428820416986,17.499069138027416
-3.673673673673674,13.65904142380619,15.804759543890436,29.463800967696628
-3.653653653653654,13.52235819402987,1.154374692532521,14.676732886562391
-3.633633633633634,13.38647656665675,19.128817207874963,32.51529377453171
-3.613613613613614,13.251396541686834,24.332118343427233,37.58351488511407
-3.593593593593594,13.117118119120125,18.149037276938298,31.266155396058423
-3.573573573573573,12.983641298956613,9.412860198061267,22.39650149701788
-3.553553553553553,12.85096608119631,0.1349002704325155,12.985866351628825
-3.533533533533533,12.71909246583921,-5.644120725537734,7.074971740301477
-3.513513513513513,12.588020452885315,-10.29184554372323,2.296174909162085
-3.493493493493493,12.457750042334625,28.024182395249937,40.48193243758456
-3.473473473473473,12.328281234187138,10.096246343357839,22.42452757754498
-3.453453453453453,12.199614028442856,20.538479669182674,32.73809369762553
-3.433433433433433,12.071748425101777,17.365298154256514,29.43704657935829
-3.413413413413413,11.944684424163903,13.134422953869901,25.079107378033804
-3.393393393393393,11.818422025629232,11.322850903308069,23.1412729289373
-3.373373373373373,11.692961229497765,11.517661014206363,23.21062224370413
-3.353353353353353,11.568302035769502,16.259255259666613,27.827557295436115
-3.333333333333333,11.444444444444443,26.887047523677342,38.33149196812178
-3.313313313313313,11.32138845552259,15.925033647045549,27.24642210256814
-3.293293293293293,11.199134069003938,0.2347572851642319,11.43389135416817
-3.273273273273273,11.077681284888492,34.146587261435734,45.224268546324225
-3.253253253253253,10.957030103176248,8.41409449461317,19.371124597789418
-3.233233233233233,10.83718052386721,26.010206897617152,36.84738742148436
-3.213213213213213,10.718132546961375,24.057264537854206,34.77539708481558
-3.193193193193193,10.599886172458744,21.98321970691846,32.58310587937721
-3.173173173173173,10.482441400359317,17.53609522249524,28.01853662285456
-3.153153153153153,10.365798230663094,11.880435099838301,22.246233330501397
-3.133133133133133,10.249956663370076,8.300953687663306,18.55091035103338
-3.113113113113113,10.13491669848026,-5.18016662845605,4.954750070024211
-3.093093093093093,10.02067833599365,12.97006484870901,22.99074318470266
-3.073073073073073,9.907241575910243,6.139311300384955,16.0465528762952
-3.053053053053053,9.79460641823004,8.291513417616578,18.086119835846617
-3.033033033033033,9.682772862953042,9.059650497809708,18.74242336076275
-3.013013013013013,9.571740910079248,-4.016501711718657,5.55523919836059
-2.992992992992993,9.461510559608657,18.500185652629142,27.961696212237797
-2.972972972972973,9.35208181154127,5.875633524606832,15.227715336148101
-2.952952952952953,9.243454665877088,-8.583285870065161,0.6601687958119271
-2.932932932932933,9.135629122616109,3.0741036203560483,12.209732742972157
-2.9129129129129128,9.028605181758335,-3.477695747644855,5.55090943411348
-2.8928928928928928,8.922382843303764,-8.004320075787284,0.9180627675164796
-2.8728728728728727,8.816962107252397,12.386878453291581,21.20384056054398
-2.8528528528528527,8.712342973604235,9.673329422151415,18.38567239575565
-2.8328328328328327,8.608525442359277,-1.182807139298097,7.4257183030611795
-2.8128128128128127,8.505509513517522,21.43932404636402,29.944833559881545
-2.7927927927927927,8.403295187078971,28.783023921499243,37.18631910857822
-2.7727727727727727,8.301882463043624,-0.4026209039289075,7.899261559114716
-2.7527527527527527,8.20127134141148,14.821607907181757,23.022879248593238
-2.7327327327327327,8.101461822182543,17.41089501677461,25.512356838957153
-2.7127127127127126,8.002453905356807,4.483888231957799,12.486342137314606
-2.6926926926926926,7.904247590934277,1.9417677269105518,9.846015317844829
-2.6726726726726726,7.806842878914951,1.9061490579576077,9.712991936872559
-2.6526526526526526,7.710239769298829,17.234264464381734,24.94450423368056
-2.6326326326326326,7.61443826208591,-1.5281794686017047,6.086258793484205
-2.6126126126126126,7.519438357276195,5.818861552909864,13.338299910186059
-2.5925925925925926,7.425240054869684,3.8708897303027925,11.296129785172477
-2.5725725725725725,7.331843354866377,5.412420303196128,12.744263658062504
-2.5525525525525525,7.239248257266276,-2.0540270786776453,5.18522117858863
-2.5325325325325325,7.147454762069376,12.465832024948845,19.61328678701822
-2.5125125125125125,7.056462869275682,-24.25374561568526,-17.197282746409577
-2.4924924924924925,6.966272578885192,12.273040948383205,19.239313527268397
-2.4724724724724725,6.876883890897904,24.627484333768162,31.504368224666067
-2.4524524524524525,6.788296805313822,10.747590119727272,17.535886925041094
-2.4324324324324325,6.700511322132943,17.86048046080449,24.560991782937432
-2.4124124124124124,6.61352744135527,21.82205235182935,28.43557979318462
-2.3923923923923924,6.527345162980799,11.1456170924202,17.672962255400996
-2.3723723723723724,6.441964487009532,-0.8557767276607251,5.586187759348807
-2.3523523523523524,6.35738541344147,6.975001163041752,13.332386576483223
-2.3323323323323324,6.273607942276611,9.650882377279618,15.924490319556229
-2.3123123123123124,6.190632073514957,10.057019968520448,16.247652042035405
-2.2922922922922924,6.1084578071565065,36.53192477929012,42.64038258644663
-2.2722722722722724,6.02708514320126,18.901602515937473,24.92868765913873
-2.2522522522522523,5.946514081649218,12.89130266340139,18.83781674505061
-2.2322322322322323,5.866744622500379,-3.1556093620239274,2.7111352604764516
-2.2122122122122123,5.787776765754744,20.727211092101747,26.51498785785649
-2.1921921921921923,5.709610511412313,1.9730497385737866,7.6826602499861
-2.1721721721721723,5.6322458594730875,13.571992831238438,19.204238690711527
-2.1521521521521523,5.555682809937064,-5.575551315474883,-0.019868505537818493
-2.1321321321321323,5.479921362804246,1.2651705407964684,6.745091903600715
-2.1121121121121122,5.404961518074632,2.6698415638035025,8.074803081878134
-2.0920920920920922,5.330803275748222,25.998174931404378,31.328978207152602
-2.0720720720720722,5.257446635825016,4.884225957633321,10.141672593458336
-2.052052052052052,5.184891598305013,17.681320632731552,22.866212231036563
-2.032032032032032,5.113138163188214,7.879472281641304,12.992610444829518
-2.012012012012012,5.042186330474619,2.4205914203545476,7.462777750829167
-1.9919919919919913,4.972036100164226,2.3331696961745365,7.305205796338763
-1.9719719719719713,4.902687472257039,12.19149234107696,17.094179813334
-1.9519519519519513,4.834140446753057,6.063641836388376,10.897782283141433
-1.9319319319319312,4.7663950236522785,17.246557973415996,22.012952997068275
-1.9119119119119112,4.699451202954704,25.847702947212596,30.5471541501673
-1.8918918918918912,4.633308984660333,-0.4680240607255133,4.16528492393482
-1.8718718718718712,4.567968368769167,-12.791387416653066,-8.2234190478839
-1.8518518518518512,4.503429355281205,17.017568194698068,21.520997549979274
-1.8318318318318312,4.439691944196447,-6.763816505221666,-2.3241245610252186
-1.8118118118118112,4.376756135514892,-0.4714202232000986,3.9053359123147935
-1.7917917917917912,4.314621929236542,19.340645915807084,23.655267845043625
-1.7717717717717711,4.253289325361395,6.924112067465539,11.177401392826933
-1.7517517517517511,4.1927583238894535,10.20643778997585,14.399196113865303
-1.7317317317317311,4.133028924820715,6.674148247746183,10.807177172566899
-1.711711711711711,4.07410112815518,-4.36486501505571,-0.2907638869005291
-1.691691691691691,4.01597493389285,10.840994602718501,14.856969536611352
-1.671671671671671,3.9586503420337236,6.3538195184776605,10.312469860511385
-1.651651651651651,3.9021273525778013,15.805979255281262,19.70810660785906
-1.631631631631631,3.846405965525083,-1.4401366850619457,2.406269280463137
-1.611611611611611,3.7914861808755687,-8.367336261340455,-4.575850080464886
-1.591591591591591,3.7373679986292583,8.340659024866772,12.07802702349603
-1.571571571571571,3.684051418786152,13.619864424484193,17.303915843270346
-1.551551551551551,3.63153644134625,18.061773646039494,21.693310087385743
-1.531531531531531,3.5798230663095514,23.00890660740256,26.588729673712113
-1.511511511511511,3.528911293676057,5.652256001283723,9.18116729495978
-1.491491491491491,3.4788011234457668,-10.564394926605413,-7.085593803159647
-1.471471471471471,3.4294925556186806,10.900110023024052,14.329602578642731
-1.451451451451451,3.3809855901947983,-4.9796758566777495,-1.5986902664829512
-1.431431431431431,3.3332802271741198,-5.6682174413210955,-2.3349372141469757
-1.411411411411411,3.2863764665566455,8.072601034903592,11.358977501460238
-1.391391391391391,3.240274308342375,23.27734833491146,26.517622643253834
-1.3713713713713709,3.194973752531309,9.277250896156147,12.472224648687456
-1.3513513513513509,3.1504747991234465,6.895607597011875,10.046082396135322
-1.3313313313313309,3.1067774481187884,1.6514226531873035,4.758200101306092
-1.3113113113113108,3.063881699517334,-0.14354392536557192,2.920337774151762
-1.2912912912912908,3.0217875533190837,-12.470767790905775,-9.448980237586692
-1.2712712712712708,2.980495009524038,12.08233025497492,15.062825264498958
-1.2512512512512508,2.940004068132195,17.132232641456383,20.07223670958858
-1.2312312312312308,2.900314729143557,-3.188959457423884,-0.2886447282803273
-1.2112112112112108,2.8614269925581226,1.8251144118825717,4.686541404440694
-1.1911911911911908,2.8233408583758925,10.126207424482697,12.94954828285859
-1.1711711711711708,2.7860563265968663,5.325438236473192,8.111494563070059
-1.1511511511511507,2.7495733972210443,1.4512168832244843,4.200790280445529
-1.1311311311311307,2.713892070248426,14.022626009083364,16.73651807933179
-1.1111111111111107,2.679012345679012,-2.6525099732497015,0.026502372429310306
-1.0910910910910907,2.6449342235128013,19.92073244256197,22.565666666074772
-1.0710710710710707,2.6116577037497954,8.188981136373329,10.800638840123124
-1.0510510510510507,2.579182786389993,9.743749533634343,12.322932320024336
-1.0310310310310307,2.547509471433395,6.514979316649906,9.0624887880833
-1.0110110110110107,2.516637758880001,25.8778739094814,28.394511668361403
-0.9909909909909906,2.4865676487298103,13.363713686691927,15.850281335421737
-0.9709709709709706,2.4572991409828244,33.37044000853574,35.827739149518564
-0.9509509509509506,2.428832235639042,14.459783458941892,16.888615694580935
-0.9309309309309306,2.4011669326984637,7.990546407759791,10.391713340458255
-0.9109109109109106,2.3743032321610897,13.052717510312625,15.427020742473715
-0.8908908908908906,2.348241134026919,13.234952382333914,15.583193516360833
-0.8708708708708706,2.3229806382959532,31.558829598401136,33.88181023669709
-0.8508508508508505,2.298521744968191,20.323623459021896,22.622145203990087
-0.8308308308308305,2.274864454043633,15.245777064690738,17.520641518734372
-0.8108108108108105,2.2520087655222785,11.314755582992525,13.566764348514804
-0.7907907907907905,2.2299546794041287,3.969937814245636,6.199892493649765
-0.7707707707707705,2.2087021956891824,20.552469162299353,22.761171357988534
-0.7507507507507505,2.1882513143774402,1.485509145602471,3.673760459979911
-0.7307307307307305,2.168602035468902,17.979353924095157,20.147955959564058
-0.7107107107107105,2.149754358963568,28.15164206489414,30.30139642385771
-0.6906906906906904,2.1317082848614377,4.304075386011869,6.435783670873306
-0.6706706706706704,2.1144638131625118,19.115838180012766,21.230301993175278
-0.6506506506506504,2.0980209438667896,-2.378863545475049,-0.28084260160825947
-0.6306306306306304,2.0823796769742713,-9.216760589035637,-7.134380912061365
-0.6106106106106104,2.0675400124849572,26.307935317108385,28.375475329593343
-0.5905905905905904,2.053501950398847,8.957852490107213,11.011354440506059
-0.5705705705705704,2.040265490715941,6.489197839305059,8.529463330021
-0.5505505505505504,2.027830633436239,38.007634832544284,40.03546546598052
-0.5305305305305303,2.016197378559741,9.895609989160414,11.911807367720154
-0.5105105105105103,2.005365726086447,6.833646424751276,8.839012150837723
-0.4904904904904903,1.9953356760163565,3.645179188528532,5.640514864544889
-0.4704704704704703,1.9861072283494705,-3.331465816907402,-1.3453585885579313
-0.4504504504504503,1.9776803830857883,19.07545197365026,21.05313235673605
-0.4304304304304303,1.9700551402253104,5.062894838513236,7.0329499787385465
-0.41041041041041026,1.9632314997680362,10.216073067630933,12.179304567398969
-0.39039039039039025,1.9572094617139661,27.568585948667476,29.52579541038144
-0.37037037037037024,1.9519890260631,18.023631758008705,19.975620784071804
-0.3503503503503502,1.947570192815438,8.063744585876659,10.011314778692096
-0.3303303303303302,1.9439529619709799,24.603318388322773,26.54727135029375
-0.3103103103103102,1.941137333529726,-0.6482463067124336,1.2928910268172924
-0.2902902902902902,1.9391233074916758,19.632225424017093,21.57134873150877
-0.2702702702702702,1.9379108838568297,-4.202953609435969,-2.265042725579139
-0.25025025025025016,1.9375000626251877,20.9534954133848,22.890995476009987
-0.23023023023023015,1.9378908437967497,7.60819020543012,9.546081049226869
-0.21021021021021014,1.9390832273715157,11.240858677306907,13.179941904678422
-0.19019019019019012,1.9410772133494856,12.62192572843274,14.563002941782226
-0.1701701701701701,1.9438728017306597,31.109507653163973,33.053380454894636
-0.1501501501501501,1.9474699925150376,8.175553129944362,10.123023122459399
-0.13013013013013008,1.9518687857026196,27.45804171474354,29.40991050044616
-0.11011011011011007,1.9570691812934056,-10.332062934955797,-8.374993753662391
-0.09009009009009006,1.9630711792873956,6.291436162278882,8.254507341566278
-0.07007007007007005,1.9698747796845895,-4.04570673342538,-2.0758319537407903
-0.05005005005005003,1.9774799824849876,17.328659375241685,19.30613935772667
-0.03003003003003002,1.9858867876885895,-11.997429010195276,-10.011542222506687
-0.010010010010010006,1.9950951952953955,6.215614639726628,8.210709835022023
0.010010010010010006,2.0051052053054055,5.330453862237833,7.3355590675432385
0.03003003003003002,2.0159168177186193,10.459095829493009,12.475012647211628
0.05005005005005003,2.0275300325350374,-9.488423530806877,-7.460893498271839
0.07007007007007005,2.0399448497546597,15.994203186420286,18.034148036174948
0.09009009009009006,2.0531612693774854,22.450152587766738,24.503313857144224
0.11011011011011007,2.0671792914035154,-11.336566742309643,-9.269387450906127
0.13013013013013008,2.0819989158327497,9.971600626508456,12.053599542341207
0.1501501501501501,2.0976201426651877,-2.357237958117846,-0.2596178154526583
0.1701701701701701,2.1140429719008296,6.202829116003378,8.316872087904208
0.19019019019019012,2.1312674035396757,16.25627621415949,18.387543617699166
0.21021021021021014,2.1492934375817256,14.163131528609295,16.31242496619102
0.23023023023023015,2.16812107402698,16.43012178595245,18.598242859979432
0.25025025025025016,2.187750312875438,-1.3279931149901518,0.859757197885286
0.2702702702702702,2.2081811541271,13.220442741635186,15.428623895762286
0.2902902902902902,2.2294135977819662,16.0522568496354,18.281670447417365
0.3103103103103102,2.251447643840036,24.479686141619567,26.731133785459605
0.3303303303303302,2.2742832923013103,13.75792605340114,16.03220934570245
0.3503503503503502,2.2979205431657883,0.047047038243245964,2.3449675814090343
0.37037037037037024,2.3223593964334706,11.585976910332917,13.908336306766387
0.39039039039039025,2.3475998521043566,7.41696612439943,9.764565976503786
0.41041041041041026,2.3736419101784465,11.688896665196568,14.062538575375015
0.4304304304304303,2.4004855706557406,29.89493215173845,32.29541772239419
0.4504504504504503,2.4281308335362386,0.9200155598103787,3.3481463933466173
0.4704704704704703,2.456577698819941,0.7305135114630463,3.187091210282987
0.4904904904904903,2.485826166506847,5.556973883659489,8.042800050166335
0.5105105105105103,2.515876236596957,12.495638086918934,15.011514323515891
0.5305305305305303,2.5467279090902712,3.689914007442151,6.236641916532422
0.5505505505505504,2.578381183986789,12.509293323221907,15.087674507208696
0.5705705705705704,2.6108360612865114,18.615324900342706,21.22616096162922
0.5905905905905904,2.644092540989438,-3.5650087121093357,-0.9209161711198979
0.6106106106106104,2.6781506230955676,2.3903193341066133,5.068469957202181
0.6306306306306304,2.7130103076049017,23.51812363284377,26.23113394044867
0.6506506506506504,2.74867159451744,-2.0007922317539126,0.7478793627635274
0.6706706706706704,2.785134483833182,16.77544116521347,19.56057564904665
0.6906906906906904,2.822398975552128,12.415648223502457,15.238047199054584
0.7107107107107105,2.8604650696742784,24.28999896723835,27.15046403691263
0.7307307307307305,2.8993327661996324,-5.058250791986147,-2.1589180257865146
0.7507507507507505,2.9390020651281907,5.044278617497076,7.983280682625267
0.7707707707707705,2.979472966459953,6.346346627517457,9.32581959397741
0.7907907907907905,3.0207454701949192,8.965575854430186,11.986321324625106
0.8108108108108105,3.062819576333089,-5.220689112539439,-2.1578695362063502
0.8308308308308305,3.1056952848744634,10.14447552043033,13.250170805304794
0.8508508508508505,3.1493725958190417,5.272256802507921,8.421629398326964
0.8708708708708706,3.193851509166824,13.893235885086195,17.087087394253018
0.8908908908908906,3.2391320249178097,8.016492713098254,11.255624738016063
0.9109109109109106,3.2852141430720003,5.059326817374458,8.344540960446459
0.9309309309309306,3.3320978636293943,-3.1205095147215864,0.21158834890780787
0.9509509509509506,3.3797831865899925,15.528881675845646,18.90866486243564
0.9709709709709706,3.428270111953795,16.86020903236124,20.288479144315033
0.9909909909909906,3.477558639720801,-14.406674593936938,-10.929115954216137
1.0110110110110107,3.5276487698910115,6.256875020012839,9.78452378990385
1.0310310310310307,3.5785405024644255,-9.27592464437194,-5.697384141907515
1.0510510510510507,3.6302338374410437,-7.080211067690328,-3.4499772302492846
1.0710710710710707,3.682728774820866,9.567450671659604,13.25017944648047
1.0910910910910907,3.736025314603892,7.0402667112111175,10.77629202581501
1.1111111111111107,3.7901234567901225,1.13878689528865,4.9289103520787725
1.1311311311311307,3.845023201379557,9.715776833860751,13.560800035240309
1.1511511511511507,3.900724548372195,4.080292269244636,7.9810168176168315
1.1711711711711708,3.957227497768037,12.046539039373112,16.00376653714115
1.1911911911911908,4.014532049567084,21.08966569578176,25.104197745348845
1.2112112112112108,4.072638203769333,-1.393323535245381,2.6793146685239524
1.2312312312312308,4.131545960374788,10.155984336540028,14.287530296914817
1.2512512512512508,4.191255319383446,8.122457472541258,12.313712791924704
1.2712712712712708,4.251766280795309,19.008844953367703,23.26061123416301
1.2912912912912908,4.3130788446103745,-8.31573574353639,-4.002656898926015
1.3113113113113108,4.375193010828645,15.764730571626426,20.139923582455072
1.3313313313313309,4.438108779450119,-3.4993532772181,0.9387555022320191
1.3513513513513509,4.501826150474797,6.398169700789647,10.899995851264444
1.3713713713713709,4.56634512390268,-3.131621382793755,1.4347237411089253
1.391391391391391,4.631665699733766,11.577326736753445,16.20899243648721
1.411411411411411,4.697787877968056,-9.170029690310557,-4.4722418123425
1.431431431431431,4.764711658605551,16.10551275235718,20.870224410962727
1.451451451451451,4.83243704164625,11.61183984801561,16.444276889661857
1.471471471471471,4.9009640270901516,7.813419400135954,12.714383427226107
1.491491491491491,4.970292614937257,-1.7954796573098548,3.1748129576274025
1.511511511511511,5.040422805187568,3.349689696210314,8.390112501397882
1.531531531531531,5.111354597841082,3.037651579791336,8.149006177632419
1.551551551551551,5.183087992897801,8.521198033359589,13.704286026257389
1.571571571571571,5.255622990357724,20.60258025318023,25.85820324353795
1.591591591591591,5.328959590220849,11.350265789190754,16.679225379411605
1.611611611611611,5.40309779248718,7.124391376333161,12.527489168820342
1.631631631631631,5.478037597156714,22.449994770467512,27.928032367624226
1.651651651651651,5.553779004229453,9.844715923234975,15.398494927464428
1.671671671671671,5.630322013705395,19.456878478956266,25.087200492661662
1.691691691691691,5.707666625584541,2.624974459481262,8.332641085065802
1.711711711711711,5.7858128398668915,4.387648545994659,10.17346138586155
1.7317317317317311,5.864760656552446,9.277427268089802,15.142187924642247
1.7517517517517511,5.944510075641205,18.868577497776496,24.8130875734177
1.7717717717717711,6.025061097133166,23.487131971926537,29.512193069059705
1.7917917917917912,6.106413721028333,10.92803756729993,17.034451288328263
1.8118118118118112,6.188567947326703,23.536414905397898,29.7249828527246
1.8318318318318312,6.271523776028278,14.65923307798952,20.930756854017798
1.8518518518518512,6.355281207133056,5.183489204946779,11.538770412079835
1.8718718718718712,6.439840240641038,22.71532879516345,29.15516903580449
1.8918918918918912,6.5252008765522245,32.15640191351025,38.68160279006248
1.9119119119119112,6.611363114866616,-0.6665751512948059,5.94478796357181
1.9319319319319312,6.69832695558421,23.530414683553428,30.22874163913764
1.9519519519519513,6.786092398705009,5.68709966287959,12.473192061584598
1.9719719719719713,6.87465944422901,12.740189319640479,19.61484876386949
1.9919919919919913,6.964028092156218,24.73770519288562,31.70173328504184
2.0120120120120113,7.054198342486628,19.050012146496925,26.104210488983554
2.0320320320320313,7.145170195220242,1.5713890200208596,8.716559215241102
2.0520520520520513,7.236943650357061,24.275732874236418,31.51267652459348
2.0720720720720713,7.3295187078970825,13.301489249569629,20.63100795746671
2.0920920920920913,7.422895367840309,-12.784803542725271,-5.361908174884962
2.1121121121121114,7.51707363018674,24.77787906235266,32.2949526925394
2.1321321321321314,7.612053494936374,5.373660167151378,12.985713662087752
2.1521521521521514,7.707834962089213,20.4428040446687,28.150639006757913
2.1721721721721714,7.804418031645255,13.811026458753421,21.615444490398676
2.1921921921921914,7.901802703604502,9.763868933581103,17.665671637185604
2.2122122122122114,7.999988977966952,-1.1222455219603873,6.877743456006565
2.2322322322322314,8.098976854732607,4.328881680141245,12.427858534873852
2.2522522522522515,8.198766333901464,11.000416141109337,19.1991824750108
2.2722722722722715,8.299357415473526,9.70815409769415,18.007511513167678
2.2922922922922915,8.400750099448793,8.509253529732687,16.91000362918148
2.3123123123123115,8.502944385827265,5.1362861856697934,13.639230571497059
2.3323323323323315,8.605940274608939,-4.641520253029686,3.9644200215792527
2.3523523523523515,8.709737765793818,-5.885094682486669,2.8246430833071496
2.3723723723723715,8.8143368593819,-3.576165698999338,5.238171160382562
2.3923923923923915,8.919737555373185,0.25820130142861153,9.177938856801797
2.4124124124124116,9.025939853767678,18.540612981635796,27.566552835403474
2.4324324324324316,9.132943754565371,9.64007649905785,18.773020253623223
2.4524524524524516,9.24074925776627,3.1911051868359186,12.431854444602187
2.4724724724724716,9.349356363370372,4.0441543122022106,13.393510675572582
2.4924924924924916,9.45876507137768,24.89875068503221,34.35751575640989
2.5125125125125116,9.568975381788189,18.19016779832805,27.75914318011624
2.5325325325325316,9.679987294601904,19.249732720287742,28.929720014889647
2.5525525525525516,9.791800809818824,8.408337785244546,18.200138595063372
2.5725725725725717,9.904415927438945,0.02092870651363654,9.925344633952582
2.5925925925925917,10.01783264746227,3.827839014108676,13.845671661570947
2.6126126126126117,10.132050969888802,6.960873543254214,17.092924513143018
2.6326326326326317,10.247070894718536,5.72131550768466,15.968386402403198
2.6526526526526517,10.362892421951475,14.714459790734258,25.07735221268573
2.6726726726726717,10.479515551587617,15.17810137919286,25.657616930780478
2.6926926926926917,10.596940283626964,9.948422973697664,20.545363257324627
2.7127127127127117,10.715166618069516,-5.734831618159868,4.980334999909648
2.7327327327327318,10.834194554915271,11.850409418089557,22.684603973004826
2.7527527527527518,10.954024094164229,20.229252259589416,31.183276353753644
2.772772772772772,11.07465523581639,7.145793011308118,18.22044824712451
2.792792792792792,11.196087979871757,3.8321478286117605,15.028235808483519
2.812812812812812,11.318322326330328,1.6882657927759457,13.006588119106274
2.8328328328328336,11.441358275192115,16.324133075670453,27.76549135086257
2.8528528528528536,11.565195826457092,16.26432173543895,27.829517561896044
2.8728728728728736,11.689834980125276,15.585978776667462,27.275813756792736
2.8928928928928936,11.81527573619666,-11.8065107192071,0.008765016989560337
2.9129129129129137,11.941518094671252,11.667293460149384,23.608811554820637
2.9329329329329337,12.068562055549048,18.668791180543977,30.737353236093025
2.9529529529529537,12.196407618830047,20.488409063724376,32.68481668255443
2.9729729729729737,12.325054784514247,-13.810071958393657,-1.4850171738794096
2.9929929929929937,12.454503552601654,-3.7173881573387657,8.737115395262888
3.0130130130130137,12.584753923092265,4.1865159540046655,16.77126987709693
3.0330330330330337,12.71580589598608,0.050734145219553994,12.766540041205634
3.0530530530530537,12.847659471283098,20.996244897585303,33.8439043688684
3.0730730730730738,12.980314648983324,23.023334387135925,36.00364903611925
3.0930930930930938,13.11377142908675,15.762575297977461,28.87634672706421
3.113113113113114,13.24802981159338,17.19705720533439,30.44508701692777
3.133133133133134,13.383089796503214,29.76573811875097,43.14882791525419
3.153153153153154,13.518951383816255,21.616636758841487,35.13558814265774
3.173173173173174,13.655614573532496,26.316395583099517,39.97201015663201
3.193193193193194,13.793079365651941,23.504619723251572,37.297699088903514
3.213213213213214,13.931345760174594,15.239906921521484,29.171252681696078
3.233233233233234,14.070413757100447,1.3401284453034048,15.410542202403851
3.253253253253254,14.210283356429507,-7.000916815569198,7.209366540860309
3.273273273273274,14.35095455816177,-11.126977417115143,3.2239771410466282
3.293293293293294,14.492427362297235,17.008451582447808,31.500878944745043
3.313313313313314,14.634701768835907,29.41946347524427,44.05416524408018
3.333333333333334,14.777777777777782,0.13959706069600664,14.917374838473789
3.353353353353354,14.921655389122861,11.137424374359334,26.059079763482195
3.373373373373374,15.066334602871144,14.348928482813132,29.415263085684277
3.393393393393394,15.211815419022631,9.51340484899097,24.7252202680136
3.413413413413414,15.358097837577322,24.42994142819415,39.788039265771474
3.433433433433434,15.505181858535217,26.966556987914988,42.47173884645021
3.453453453453454,15.653067481896315,0.08123625744245011,15.734303739338765
3.473473473473474,15.801754707660617,18.93495211118085,34.73670681884147
3.493493493493494,15.951243535828123,14.047969184867238,29.99921272069536
3.513513513513514,16.101533966398836,29.504753611947947,45.60628757834678
3.533533533533534,16.25262599937275,20.70763184925383,36.96025784862658
3.553553553553554,16.404519634749867,11.17632720874576,27.580846843495628
3.573573573573574,16.557214872530192,14.512140655204137,31.06935552773433
3.593593593593594,16.710711712713717,0.22336410532328443,16.934075818037
3.613613613613614,16.86501015530045,8.871587181198784,25.736597336499234
3.633633633633634,17.020110200290386,25.59642441443306,42.61653461472345
3.653653653653654,17.176011847683522,12.104456527535252,29.280468375218774
3.673673673673674,17.332715097479866,13.144049109885838,30.476764207365704
3.693693693693694,17.490219949679414,27.665902373518495,45.156122323197906
3.713713713713714,17.648526404282162,-3.024035330501974,14.624491073780188
3.733733733733734,17.807634461288117,13.939565583435211,31.74720004472333
3.753753753753754,17.967544120697276,13.124423801089543,31.091967921786818
3.773773773773774,18.12825538250964,4.787158325544488,22.91541370805413
3.7937937937937942,18.289768246725206,15.149516535002508,33.439284781727714
3.8138138138138142,18.452082713343977,25.906114915473424,44.3581976288174
3.8338338338338342,18.615198782365955,10.05820820553392,28.673406987899874
3.8538538538538543,18.779116453791133,12.234350605132782,31.013467058923915
3.8738738738738743,18.943835727619515,-14.638584109065235,4.30525161855428
3.8938938938938943,19.1093566038511,1.7150533248003335,20.824409928651434
3.9139139139139143,19.275679082485894,17.606568736819256,36.88224781930515
3.9339339339339343,19.442803163523887,21.821138405788055,41.26394156931194
3.9539539539539543,19.610728846965085,6.309878616968532,25.920607463933617
3.9739739739739743,19.77945613280949,-9.131102571329567,10.648353561479922
3.9939939939939944,19.948985021057098,9.721236508395618,29.670221529452718
4.014014014014014,20.119315511707907,7.666543110668823,27.78585862237673
4.034034034034034,20.290447604761923,14.870111276761667,35.16055888152359
4.054054054054054,20.462381300219143,9.46474688909661,29.927128189315752
4.074074074074074,20.635116598079566,22.580925030453734,43.216041628533304
4.094094094094094,20.80865349834319,11.792026022438058,32.60067952078125
4.114114114114114,20.98299200101002,14.260199701104492,35.243191702114515
4.134134134134134,21.158132106080057,6.9031106741618835,28.06124278024194
4.1541541541541545,21.334073813553296,11.965735571386977,33.299809384940275
4.1741741741741745,21.51081712342974,-4.315841907056452,17.194975216373287
4.1941941941941945,21.688362035709385,13.037051673172835,34.72541370888222
4.2142142142142145,21.866708550392236,2.1040968931267727,23.97080544351901
4.2342342342342345,22.045856667478294,12.243478349060375,34.28933501653867
4.2542542542542545,22.22580638696755,6.999173789672825,29.224980176640376
4.2742742742742745,22.406557708860014,31.235260716805065,53.64181842566508
4.2942942942942945,22.588110633155683,30.143057372054717,52.7311680052104
4.314314314314315,22.770465159854552,1.9786287476518751,24.749093907506428
4.334334334334335,22.953621288956626,4.737852857448729,27.691474146405355
4.354354354354355,23.137579020461907,13.405732046019532,36.54331106648144
4.374374374374375,23.32233835437039,24.783211015400315,48.105549369770706
4.394394394394395,23.507899290682076,-10.596932378714122,12.910966911967954
4.414414414414415,23.694261829396968,14.470305035959871,38.16456686535684
4.434434434434435,23.881425970515064,12.463444531274993,36.344870501790055
4.454454454454455,24.06939171403636,28.729048334039888,52.798440048076245
4.474474474474475,24.258159059960864,23.039746852616,47.297905912576866
4.494494494494495,24.44772800828857,-2.3433964754366734,22.104331532851898
4.514514514514515,24.638098559019483,3.1392665198906293,27.777365078910112
4.534534534534535,24.829270712153598,11.167236804207905,35.996507516361504
4.554554554554555,25.021244467690916,-0.441696154895741,24.579548312795175
4.574574574574575,25.21401982563144,25.930115080906706,51.14413490653814
4.594594594594595,25.407596785975166,21.511716236980888,46.919313022956054
4.614614614614615,25.601975348722096,-8.504731664174376,17.09724368454772
4.634634634634635,25.797155513872234,29.666799222698547,55.463954736570784
4.654654654654655,25.99313728142557,-1.174235694889525,24.818901586536047
4.674674674674675,26.189920651382113,15.637320039916933,41.827240691299046
4.694694694694695,26.387505623741863,0.5044542213428542,26.891959845084717
4.714714714714715,26.585892198504812,24.963150623748835,51.54904282225365
4.734734734734735,26.78508037567097,9.298400629906713,36.08348100557768
4.754754754754755,26.985070155240326,8.177106049494341,35.16217620473466
4.774774774774775,27.18586153721289,17.05209089619734,44.23795243341023
4.794794794794795,27.38745452158866,-5.020797089706797,22.366657431881862
4.814814814814815,27.589849108367627,8.808630316176648,36.39847942454428
4.834834834834835,27.793045297549803,6.500048023249413,34.293093320799215
4.854854854854855,27.997043089135182,5.996036149194422,33.99307923832961
4.874874874874875,28.201842483123766,19.868684674769465,48.07052715789323
4.894894894894895,28.407443479515553,11.94379188546815,40.3512353649837
4.914914914914915,28.613846078310544,5.317234065163653,33.9310801434742
4.934934934934935,28.82105027950874,-6.858667280558855,21.962382998949884
4.954954954954955,29.029056083110138,4.661660730008875,33.69071681311901
4.974974974974975,29.23786348911474,4.416604625654669,33.65446811476941
4.994994994994995,29.447472497522547,6.153420037794219,35.60089253531677
5.015015015015015,29.65788310833356,-1.4354225443692865,28.222460563964276
5.035035035035035,29.869095321547775,-1.3439112190238411,28.525184102523934
5.055055055055055,30.081109137165193,-2.774600395751989,27.306508741413204
5.075075075075075,30.293924555185818,17.279946338839927,47.573870894025745
5.095095095095095,30.507541575609643,10.71112897931573,41.218670554925374
5.115115115115115,30.721960198436676,13.38539414241222,44.1073543408489
5.135135135135135,30.93718042366691,16.016241462092665,46.953421885759575
5.155155155155155,31.15320225130035,2.39665937104615,33.5498616223465
5.175175175175175,31.370025681336994,18.984117114075097,50.35414279541209
5.195195195195195,31.58765071377684,2.5102616457341798,34.09791235951102
5.215215215215215,31.80607734861989,7.744740613470808,39.5508179620907
5.235235235235235,32.02530558586615,3.4718026987515245,35.497108284617674
5.255255255255255,32.245335425515606,16.530655491883202,48.77599091739881
5.275275275275275,32.46616686756827,9.531856159460908,41.99802302702918
5.295295295295295,32.68779991202413,5.090227378945944,37.77802729097007
5.315315315315315,32.910234558883204,12.506144732246561,45.416379291129765
5.335335335335335,33.13347080814548,30.340008945541413,63.473479753686895
5.355355355355355,33.35750865981096,0.7638579137584163,34.121366573569375
5.375375375375375,33.58234811387965,24.893171388907515,58.475519502787165
5.395395395395395,33.80798917035153,16.66590109472446,50.473890265075994
5.415415415415415,34.03443182922662,18.63956867316054,52.67400050238716
5.435435435435435,34.26167609050491,20.759068902751416,55.02074499325633
5.455455455455455,34.489721954186415,-0.4046691710287149,34.0850527831577
5.475475475475475,34.718569420271116,5.338341320500096,40.056910740771215
5.495495495495495,34.948218488759025,4.451553369547513,39.399771858306536
5.515515515515515,35.178669159650134,-2.141423267282372,33.037245892367764
5.535535535535535,35.40992143294445,22.714429943131147,58.124351376075595
5.555555555555555,35.641975308641975,6.028970219493126,41.6709455281351
5.575575575575575,35.8748307867427,9.26823495318083,45.14306573992353
5.595595595595595,36.10848786724662,11.449663408656177,47.5581512759028
5.615615615615615,36.342946550153755,20.317265092797275,56.660211642951026
5.635635635635635,36.57820683546409,13.282970628941982,49.86117746440607
5.655655655655655,36.814268723177626,18.68226835746747,55.4965370806451
5.675675675675675,37.05113221329437,13.569274451966999,50.62040666526137
5.6956956956956954,37.28879730581432,-2.581755340952771,34.707041964861546
5.7157157157157155,37.527264000737475,-4.164941402475177,33.362322598262296
5.7357357357357355,37.76653229806382,1.3183005489380974,39.08483284700192
5.7557557557557555,38.006602197793384,14.415289538228063,52.42189173602145
5.7757757757757755,38.24747369992615,2.455404376035074,40.70287807596122
5.7957957957957955,38.489146804462116,21.754487664833096,60.243634469295216
5.8158158158158155,38.731621511401286,12.588394178779934,51.32001569018122
5.8358358358358355,38.974897820743664,4.884883854249501,43.859781674993165
5.8558558558558556,39.21897573248924,14.845695556447172,54.06467128893641
5.875875875875876,39.463855246638026,20.90427974480153,60.36813499143956
5.895895895895896,39.70953636319001,1.0044042121839194,40.71394057537393
5.915915915915916,39.956019082145204,17.956449717474896,57.9124687996201
5.935935935935936,40.2033034035036,25.482284737466323,65.68558814096991
5.955955955955956,40.4513893272652,12.856697675011208,53.30808700227641
5.975975975975976,40.70027685343,-2.976368177095397,37.7239086763346
5.995995995995996,40.94996598199801,5.65230489319376,46.60227087519177
6.016016016016017,41.20045671296924,7.122473842055273,48.32293055502451
6.0360360360360374,41.45174904634366,22.542422187432074,63.99417123377573
6.0560560560560575,41.70384298212127,-8.29466060203345,33.40918238008783
6.0760760760760775,41.9567385203021,22.96903059567098,64.92576911597308
6.0960960960960975,42.210435660886134,-1.6854846420089657,40.52495101887717
6.1161161161161175,42.46493440387336,3.4049784858191376,45.86991288969249
6.1361361361361375,42.720234749263795,-0.14140457556571384,42.57883017369808
6.1561561561561575,42.976336697057434,17.611328772225686,60.587665469283124
6.1761761761761775,43.23324024725427,11.031642436292604,54.26488268354687
6.1961961961961975,43.490945399854326,19.433920137743833,62.92486553759816
6.216216216216218,43.74945215485758,30.58492143139901,74.33437358625659
6.236236236236238,44.00876051226403,22.696562365008177,66.70532287727221
6.256256256256258,44.26887047207369,2.9276079817057754,47.19647845377946
6.276276276276278,44.529782034286555,8.49970166762538,53.029483701911936
6.296296296296298,44.79149519890262,16.447204395515794,61.23869959441842
6.316316316316318,45.05400996592189,14.72216965134162,59.77617961726351
6.336336336336338,45.317326335344376,19.2355497712959,64.55287610664027
6.356356356356358,45.58144430717005,14.226376096890831,59.807820404060884
6.376376376376378,45.84636388139893,0.6165964861840383,46.462960367582966
6.396396396396398,46.11208505803102,22.8277145990663,68.93979965709732
6.416416416416418,46.37860783706631,4.907574327497058,51.28618216456337
6.436436436436438,46.64593221850481,2.970669284368154,49.61660150287297
6.456456456456458,46.91405820234651,26.785089681868484,73.699147884215
6.476476476476478,47.18298578859141,10.192074591088568,57.37506037967998
6.496496496496498,47.45271497723952,-11.857054789162813,35.59566018807671
6.516516516516518,47.72324576829083,19.03501307290113,66.75825884119196
6.536536536536538,47.99457816174535,4.715165860234224,52.709744021979574
6.556556556556558,48.26671215760307,19.16607344114213,67.4327855987452
6.576576576576578,48.53964775586398,18.883726563471384,67.42337431933537
6.596596596596598,48.81338495652812,10.811792770786528,59.62517772731465
6.616616616616618,49.08792375959544,14.053936203962003,63.141859963557444
6.636636636636638,49.363264165065985,12.663811129865197,62.02707529493118
6.656656656656658,49.63940617293973,-1.9357866717134105,47.70361950122632
6.676676676676678,49.91634978321667,26.06959584153398,75.98594562475066
6.696696696696698,50.19409499589682,6.864467034477153,57.05856203037397
6.716716716716718,50.472641810980164,13.034583972811655,63.50722578379182
6.736736736736738,50.751990228466724,4.0713850040942425,54.82337523256096
6.756756756756758,51.032140248356484,21.736809109396706,72.76894935775319
6.776776776776778,51.313091870649444,8.586481330268175,59.899573200917615
6.796796796796798,51.59484509534561,22.40501010068585,73.99985519603146
6.816816816816818,51.87739992244498,5.611734993926381,57.48913491637136
6.836836836836838,52.16075635194756,-8.896574322938822,43.26418202900874
6.856856856856858,52.444914383853344,25.94269624645581,78.38761063030915
6.876876876876878,52.72987401816232,9.197485167331585,61.927359185493906
6.896896896896898,53.01563525487451,20.248548281869045,73.26418353674356
6.916916916916918,53.3021980939899,9.600822723777343,62.90302081776724
6.936936936936938,53.58956253550849,27.393606157961223,80.98316869346971
6.956956956956958,53.8777285794303,5.923382105191028,59.80111068462132
6.976976976976978,54.1666962257553,-2.7865768875868913,51.38011933816841
6.996996996996998,54.45646547448351,18.821382266892694,73.2778477413762
7.017017017017018,54.747036325614914,-3.5657685799466616,51.18126774566825
7.037037037037038,55.038408779149535,13.477910279878959,68.51631905902849
7.057057057057058,55.330582835087355,-4.480505665305163,50.850077169782196
7.077077077077078,55.623558493428376,-2.762676509611076,52.8608819838173
7.097097097097098,55.91733575417261,5.1340978455753135,61.051433599747924
7.117117117117118,56.21191461732004,17.087766620570036,73.29968123789007
7.137137137137138,56.50729508287067,19.96588017562541,76.47317525849608
7.157157157157158,56.80347715082451,21.401740145874484,78.205217296699
7.177177177177178,57.10046082118156,26.276129244458755,83.37659006564031
7.197197197197198,57.39824609394181,-1.7510861239163198,55.647159970025484
7.217217217217218,57.69683296910526,31.445611586365082,89.14244455547035
7.237237237237238,57.99622144667191,-11.07211791588071,46.9241035307912
7.257257257257258,58.296411526641776,0.4973852159562515,58.793796742598026
7.277277277277278,58.597403209014836,21.410897756235535,80.00830096525037
7.297297297297298,58.89919649379111,14.28671619520531,73.18591268899642
7.317317317317318,59.201791380970576,8.097812677361931,67.2996040583325
7.337337337337338,59.50518787055326,2.2170106666527856,61.72219853720604
7.357357357357358,59.80938596253913,8.184204909155998,67.99359087169513
7.377377377377378,60.11438565692822,12.354266772143296,72.46865242907151
7.397397397397398,60.4201869537205,9.51047453999308,69.93066149371359
7.417417417417418,60.726789852916,20.313368098896568,81.04015795181257
7.437437437437438,61.03419435451469,21.795461410367196,82.82965576488189
7.457457457457458,61.34240045851659,8.364375416972907,69.7067758754895
7.477477477477478,61.65140816492169,-6.37906807529863,55.27234008962306
7.497497497497498,61.96121747373,24.65513902841286,86.61635650214286
7.517517517517518,62.271828384941514,1.993762486057042,64.26559087099855
7.537537537537538,62.58324089855623,28.282416223879363,90.8656571224356
7.557557557557558,62.895455014574146,23.187550470853814,86.08300548542796
7.577577577577578,63.208470732995266,2.1237691743642815,65.33223990735955
7.5975975975975985,63.5222880538196,3.0906871477420115,66.61297520156161
7.6176176176176185,63.836906977047136,6.919004488479736,70.75591146552688
7.6376376376376385,64.15232750267786,6.614828947025966,70.76715644970383
7.6576576576576585,64.4685496307118,7.9172311980537735,72.38578082876558
7.6776776776776785,64.78557336114895,14.75214436398557,79.53771772513451
7.6976976976976985,65.10339869398929,2.5178366794331772,67.62123537342246
7.7177177177177185,65.42202562923285,11.745096608424088,77.16712223765694
7.7377377377377385,65.7414541668796,15.824220658713786,81.56567482559339
7.7577577577577586,66.06168430692956,11.642609522005499,77.70429382893506
7.777777777777779,66.38271604938272,1.9906505938619663,68.3733666432447
7.797797797797799,66.7045493942391,0.5998775855623499,67.30442697980145
7.817817817817819,67.02718434149867,0.7743125498763685,67.80149689137504
7.837837837837839,67.35062089116144,-7.647755956212418,59.70286493494902
7.857857857857859,67.67485904322743,19.487692448406847,87.16255149163428
7.877877877877879,67.9998987976966,3.13076024947065,71.13065904716726
7.897897897897899,68.32574015456899,-0.6846519124277588,67.64108824214124
7.917917917917919,68.65238311384459,5.272529385810495,73.9249124996551
7.937937937937939,68.97982767552338,15.207927302798186,84.18775497832156
7.957957957957959,69.30807383960538,6.551990904646329,75.86006474425172
7.977977977977979,69.63712160609059,18.821420231486265,88.45854183757686
7.997997997997999,69.96697097497899,16.589630185893142,86.55660116087213
8.018018018018019,70.29762194627061,4.764626994330609,75.06224894060122
8.038038038038039,70.62907451996543,12.383376229823748,83.01245074978918
8.058058058058059,70.96132869606345,14.376312072336408,85.33764076839985
8.078078078078079,71.29438447456467,4.101559122799134,75.3959435973638
8.098098098098099,71.62824185546908,4.247596360039325,75.87583821550841
8.118118118118119,71.96290083877673,15.622128983457054,87.58502982223379
8.138138138138139,72.29836142448757,8.678719773420836,80.9770811979084
8.158158158158159,72.6346236126016,5.297174632438746,77.93179824504034
8.178178178178179,72.97168740311884,10.571998273334204,83.54368567645304
8.198198198198199,73.3095527960393,11.124414614542086,84.43396741058139
8.218218218218219,73.64821979136295,22.72789138457757,96.37611117594052
8.238238238238239,73.9876883890898,5.277496630524464,79.26518501961426
8.258258258258259,74.32795858921986,-9.844161729798952,64.4837968594209
8.278278278278279,74.66903039175313,18.25712785731355,92.92615824906667
8.298298298298299,75.01090379668959,15.471115428700006,90.48201922538959
8.318318318318319,75.35357880402927,10.670533308299147,86.02411211232841
8.338338338338339,75.69705541377213,0.7207266150506317,76.41778202882277
8.358358358358359,76.04133362591821,8.052705989293107,84.09403961521132
8.378378378378379,76.3864134404675,-1.5236500843459648,74.86276335612155
8.398398398398399,76.73229485741999,8.457364392853904,85.18965925027389
8.418418418418419,77.07897787677568,-7.180473188069275,69.89850468870641
8.438438438438439,77.42646249853459,-0.14493291121249285,77.2815295873221
8.458458458458459,77.77474872269669,18.967909209240972,96.74265793193766
8.478478478478479,78.12383654926198,16.326901148697903,94.45073769795988
8.498498498498499,78.47372597823049,37.87847919156903,116.35220516979952
8.518518518518519,78.8244170096022,14.913315390046744,93.73773239964895
8.538538538538539,79.17590964337712,11.57783788443088,90.753747527808
8.558558558558559,79.52820387955524,15.07881565838504,94.60701953794027
8.578578578578579,79.88129971813656,23.694255429022952,103.57555514715952
8.598598598598599,80.2351971591211,16.013199400899236,96.24839656002034
8.618618618618619,80.58989620250883,3.9804286049742643,84.57032480748309
8.63863863863864,80.94539684829977,10.171051709711676,91.11644855801144
8.65865865865866,81.30169909649389,1.4379943334769472,82.73969342997084
8.67867867867868,81.65880294709123,21.839153557502755,103.49795650459399
8.6986986986987,82.0167084000918,-3.4880564193020582,78.52865198078975
8.71871871871872,82.37541545549554,9.701016418849868,92.07643187434542
8.73873873873874,82.7349241133025,15.579718451218286,98.31464256452078
8.75875875875876,83.09523437351265,30.744846507106175,113.84008088061883
8.77877877877878,83.45634623612602,19.382038274609748,102.83838451073578
8.7987987987988,83.8182597011426,14.84810630442784,98.66636600557044
8.81881881881882,84.18097476856236,0.855928468492337,85.0369032370547
8.83883883883884,84.54449143838534,13.430496845177945,97.97498828356328
8.85885885885886,84.90880971061152,16.04095105389581,100.94976076450733
8.87887887887888,85.27392958524091,6.895130733749318,92.16906031899022
8.8988988988989,85.6398510622735,32.200453875260095,117.84030493753359
8.91891891891892,86.00657414170928,7.458900777627197,93.46547491933647
8.93893893893894,86.37409882354828,4.284891052626573,90.65898987617486
8.95895895895896,86.74242510779048,-0.8070675114929067,85.93535759629758
8.97897897897898,87.11155299443588,9.282388005175541,96.39394099961143
8.998998998999,87.48148248348448,1.1740186527998961,88.65550113628439
9.01901901901902,87.85221357493631,2.0606308670029314,89.91284444193924
9.03903903903904,88.22374626879132,9.712457356075697,97.93620362486702
9.05905905905906,88.59608056504953,-4.478716314536399,84.11736425051313
9.07907907907908,88.96921646371098,17.6835479377006,106.65276440141157
9.0990990990991,89.3431539647756,4.149575814322671,93.49272977909827
9.11911911911912,89.71789306824343,-1.386777844024948,88.33111522421848
9.13913913913914,90.09343377411446,-7.483586128195235,82.60984764591922
9.15915915915916,90.4697760823887,5.3400408714953755,95.80981695388408
9.17917917917918,90.84691999306615,12.37961675029541,103.22653674336156
9.1991991991992,91.2248655061468,-14.383838642057768,76.84102686408903
9.21921921921922,91.60361262163065,27.22501021605896,118.82862283768961
9.23923923923924,91.9831613395177,11.599019082363652,103.58218042188135
9.25925925925926,92.36351165980797,9.474991360285523,101.8385030200935
9.27927927927928,92.74466358250143,6.2087711299697315,98.95343471247116
9.2992992992993,93.1266171075981,1.2487991592143093,94.37541626681241
9.31931931931932,93.50937223509797,2.1211823380668893,95.63055457316486
9.33933933933934,93.89292896500105,5.379009554966837,99.27193851996789
9.35935935935936,94.27728729730732,17.900874898217197,112.17816219552452
9.37937937937938,94.6624472320168,8.36297846221123,103.02542569422803
9.3993993993994,95.04840876912948,2.4713777224396836,97.51978649156916
9.41941941941942,95.43517190864539,8.33462426526132,103.76979617390671
9.43943943943944,95.82273665056448,2.205138448855636,98.02787509942011
9.45945945945946,96.21110299488677,28.07176026745222,124.28286326233899
9.47947947947948,96.60027094161228,0.9159916965689234,97.5162626381812
9.4994994994995,96.990240490741,16.602600917244313,113.59284140798532
9.51951951951952,97.38101164227291,-10.970045395837495,86.41096624643541
9.53953953953954,97.77258439620802,12.05938028130935,109.83196467751736
9.55955955955956,98.16495875254634,22.797977927315443,120.96293667986178
9.57957957957958,98.55813471128788,8.469653054694197,107.02778776598207
9.5995995995996,98.9521122724326,-1.2419027059618664,97.71020956647074
9.61961961961962,99.34689143598052,18.74656773015177,118.09345916613229
9.63963963963964,99.74247220193166,7.927730092210227,107.67020229414189
9.65965965965966,100.13885457028601,12.08111569235903,112.21997026264505
9.67967967967968,100.53603854104355,-4.342042676286335,96.19399586475721
9.6996996996997,100.93402411420429,20.965990886763734,121.90001500096803
9.71971971971972,101.33281128976824,15.973829951941774,117.30664124171003
9.73973973973974,101.73240006773541,22.933773861671533,124.66617392940694
9.75975975975976,102.13279044810577,6.4913358525263645,108.62412630063213
9.77977977977978,102.53398243087932,27.78342095193167,130.317403382811
9.7997997997998,102.93597601605609,11.923040447437861,114.85901646349394
9.81981981981982,103.33877120363607,7.504159667842728,110.8429308714788
9.83983983983984,103.74236799361924,-0.2502699450386707,103.49209804858057
9.85985985985986,104.14676638600562,7.182528747834763,111.32929513384039
9.87987987987988,104.55196638079522,9.992930022840621,114.54489640363585
9.8998998998999,104.957967977988,2.1675486257552468,107.12551660374325
9.91991991991992,105.36477117758399,17.00963379220488,122.37440496978887
9.93993993993994,105.77237597958319,7.472127873683838,113.24450385326702
9.95995995995996,106.18078238398559,8.643165674619496,114.82394805860508
9.97997997997998,106.5899903907912,3.783943747778677,110.37393413856988
10.0,107.0,12.625542053267761,119.62554205326776
